Orientation,NAME,ID,LAT,LONG
East,09LBUZ,1,51.477627,-0.452000
East,09LBUZ,2,51.477482,-0.429574
East,09LBUZ,3,51.477581,-0.426402
East,09LBUZ,4,51.477802,-0.423446
East,09LBUZ,5,51.478191,-0.420380
East,09LBUZ,6,51.478603,-0.418004
East,09LBUZ,7,51.479244,-0.415300
East,09LBUZ,8,51.479881,-0.412976
East,09LBUZ,9,51.480572,-0.410826
East,09LBUZ,10,51.481758,-0.407722
East,09LBUZ,11,51.483948,-0.402816
East,09LBUZ,12,51.507374,-0.357679
East,09LBUZ,13,51.508347,-0.355763
East,09LBUZ,14,51.509636,-0.353098
East,09LBUZ,15,51.510925,-0.350251
East,09LBUZ,16,51.511890,-0.347763
East,09LBUZ,17,51.512962,-0.344823
East,09LBUZ,18,51.513664,-0.342334
East,09LBUZ,19,51.514347,-0.339610
East,09LBUZ,20,51.514893,-0.337462
East,09LBUZ,21,51.515450,-0.335284
East,09LBUZ,22,51.516293,-0.331962
East,09LBUZ,23,51.517021,-0.328846
East,09LBUZ,24,51.517456,-0.326977
East,09LBUZ,25,51.538792,-0.227936
East,09LBUZ,26,51.539932,-0.223377
East,09LBUZ,27,51.541309,-0.218376
East,09LBUZ,28,51.543018,-0.214970
East,09LBUZ,29,51.544090,-0.213099
East,09LBUZ,30,51.545223,-0.211287
East,09LBUZ,31,51.546196,-0.209838
East,09LBUZ,32,51.547264,-0.208401
East,09LBUZ,33,51.548424,-0.206918
East,09LBUZ,34,51.549629,-0.205548
East,09LBUZ,35,51.550861,-0.204274
East,09LBUZ,36,51.551945,-0.203272
East,09LBUZ,37,51.553272,-0.202197
East,09LBUZ,38,51.554523,-0.201341
East,09LBUZ,39,51.555923,-0.200531
East,09LBUZ,40,51.557671,-0.199709
East,09LBUZ,41,51.559032,-0.199279
East,09LBUZ,42,51.560677,-0.198850
East,09LBUZ,43,51.561909,-0.198623
East,09LBUZ,44,51.563377,-0.198404
East,09LBUZ,45,51.565189,-0.198312
East,09LBUZ,46,51.567093,-0.198430
East,09LBUZ,47,51.568890,-0.198742
East,09LBUZ,48,51.570244,-0.199104
East,09LBUZ,49,51.571804,-0.199610
East,09LBUZ,50,51.573433,-0.200238
East,09LBUZ,51,51.575760,-0.201417
East,09LBUZ,52,51.577240,-0.202317
East,09LBUZ,53,51.579327,-0.203727
East,09LBUZ,54,51.581352,-0.205320
East,09LBUZ,55,51.598049,-0.221801
West,27LMID,1,51.464909,-0.470121
West,27LMID,2,51.464733,-0.512648
West,27LMID,3,51.464718,-0.514838
West,27LMID,4,51.464600,-0.517214
West,27LMID,5,51.464428,-0.519943
West,27LMID,6,51.464203,-0.522659
West,27LMID,7,51.463814,-0.525880
West,27LMID,8,51.463219,-0.529217
West,27LMID,9,51.462452,-0.532458
West,27LMID,10,51.461578,-0.535593
West,27LMID,11,51.460613,-0.538870
West,27LMID,12,51.459564,-0.542231
West,27LMID,13,51.458420,-0.545470
West,27LMID,14,51.457256,-0.548703
West,27LMID,15,51.456085,-0.551936
West,27LMID,16,51.454906,-0.555161
West,27LMID,17,51.453800,-0.558132
West,27LMID,18,51.452915,-0.560557
West,27LMID,19,51.451797,-0.563672
West,27LMID,20,51.450619,-0.566896
West,27LMID,21,51.449429,-0.570129
West,27LMID,22,51.448242,-0.573361
West,27LMID,23,51.447075,-0.576599
West,27LMID,24,51.445873,-0.579767
West,27LMID,25,51.444252,-0.584261
West,27LMID,26,51.442677,-0.588759
West,27LMID,27,51.441299,-0.592297
West,27LMID,28,51.440079,-0.595325
West,27LMID,29,51.438633,-0.598149
West,27LMID,30,51.437187,-0.600707
West,27LMID,31,51.435677,-0.603200
West,27LMID,32,51.433990,-0.605652
West,27LMID,33,51.431866,-0.608393
West,27LMID,34,51.429607,-0.610894
West,27LMID,35,51.426971,-0.612962
West,27LMID,36,51.424507,-0.614115
West,27LMID,37,51.422581,-0.614658
West,27LMID,38,51.420540,-0.615129
West,27LMID,39,51.418804,-0.615180
West,27LMID,40,51.417194,-0.615224
West,27LMID,41,51.415470,-0.615216
West,27LMID,42,51.413567,-0.614832
West,27LMID,43,51.412018,-0.614381
West,27LMID,44,51.409470,-0.613513
West,27LMID,45,51.407272,-0.612702
West,27LMID,46,51.403488,-0.610705
West,27LMID,47,51.321087,-0.568203
East,09LDVR,1,51.477627,-0.452000
East,09LDVR,2,51.477482,-0.429574
East,09LDVR,3,51.477215,-0.426459
East,09LDVR,4,51.476959,-0.424131
East,09LDVR,5,51.476372,-0.420737
East,09LDVR,6,51.475548,-0.417561
East,09LDVR,7,51.474720,-0.414237
East,09LDVR,8,51.473862,-0.410951
East,09LDVR,9,51.473267,-0.408774
East,09LDVR,10,51.472458,-0.406247
East,09LDVR,11,51.469238,-0.397599
East,09LDVR,12,51.463760,-0.383050
East,09LDVR,13,51.449551,-0.345497
East,09LDVR,14,51.444462,-0.332079
East,09LDVR,15,51.442959,-0.328052
East,09LDVR,16,51.441635,-0.324262
East,09LDVR,17,51.439541,-0.317880
East,09LDVR,18,51.437786,-0.311985
East,09LDVR,19,51.436268,-0.306331
East,09LDVR,20,51.434803,-0.299873
East,09LDVR,21,51.433830,-0.294715
East,09LDVR,22,51.432999,-0.289478
East,09LDVR,23,51.405262,-0.094393
East,09LCPT,1,51.477627,-0.452000
East,09LCPT,2,51.477482,-0.429574
East,09LCPT,3,51.477253,-0.426831
East,09LCPT,4,51.476974,-0.424321
East,09LCPT,5,51.476669,-0.422200
East,09LCPT,6,51.476177,-0.419993
East,09LCPT,7,51.474056,-0.411678
East,09LCPT,8,51.473484,-0.409552
East,09LCPT,9,51.472904,-0.407609
East,09LCPT,10,51.471794,-0.404347
East,09LCPT,11,51.470657,-0.401143
East,09LCPT,12,51.469486,-0.397996
East,09LCPT,13,51.468178,-0.394953
East,09LCPT,14,51.466621,-0.392398
East,09LCPT,15,51.464954,-0.390273
East,09LCPT,16,51.463230,-0.388212
East,09LCPT,17,51.461555,-0.386242
East,09LCPT,18,51.459591,-0.384409
East,09LCPT,19,51.457565,-0.382919
East,09LCPT,20,51.455826,-0.381829
East,09LCPT,21,51.454365,-0.381000
East,09LCPT,22,51.452534,-0.380133
East,09LCPT,23,51.450741,-0.379434
East,09LCPT,24,51.448189,-0.378703
East,09LCPT,25,51.445633,-0.378217
East,09LCPT,26,51.442375,-0.377921
East,09LCPT,27,51.440334,-0.377940
East,09LCPT,28,51.438526,-0.378084
East,09LCPT,29,51.436245,-0.378468
East,09LCPT,30,51.433876,-0.379125
East,09LCPT,31,51.431862,-0.379945
East,09LCPT,32,51.429466,-0.381121
East,09LCPT,33,51.427509,-0.382241
East,09LCPT,34,51.426113,-0.383117
East,09LCPT,35,51.424461,-0.384326
East,09LCPT,36,51.422890,-0.385635
East,09LCPT,37,51.421768,-0.386671
East,09LCPT,38,51.419712,-0.388738
East,09LCPT,39,51.417862,-0.390775
East,09LCPT,40,51.416023,-0.392985
East,09LCPT,41,51.414928,-0.394409
East,09LCPT,42,51.413322,-0.396703
East,09LCPT,43,51.412045,-0.398731
East,09LCPT,44,51.410561,-0.401371
East,09LCPT,45,51.409363,-0.403815
East,09LCPT,46,51.408035,-0.406984
East,09LCPT,47,51.406544,-0.411285
East,09LCPT,48,51.405468,-0.415031
East,09LCPT,49,51.404625,-0.418623
East,09LCPT,50,51.404129,-0.421177
East,09LCPT,51,51.403503,-0.424584
East,09LCPT,52,51.402966,-0.427849
East,09LCPT,53,51.402336,-0.432639
East,09LCPT,54,51.401989,-0.437526
East,09LCPT,55,51.401855,-0.442601
East,09LCPT,56,51.402031,-0.448629
East,09LCPT,57,51.402081,-0.452818
East,09LCPT,58,51.402306,-0.457134
East,09LCPT,59,51.409924,-0.520468
East,09LCPT,60,51.417542,-0.583801
East,09RBPK,1,51.464931,-0.446962
East,09RBPK,2,51.464920,-0.425183
East,09RBPK,3,51.465069,-0.422125
East,09RBPK,4,51.465340,-0.419255
East,09RBPK,5,51.465752,-0.415802
East,09RBPK,6,51.466362,-0.412219
East,09RBPK,7,51.467117,-0.408607
East,09RBPK,8,51.467991,-0.405319
East,09RBPK,9,51.469009,-0.402237
East,09RBPK,10,51.470074,-0.399520
East,09RBPK,11,51.471699,-0.396341
East,09RBPK,12,51.473164,-0.393511
East,09RBPK,13,51.496658,-0.348064
East,09RBPK,14,51.519329,-0.304190
East,09RBPK,15,51.520748,-0.301260
East,09RBPK,16,51.522003,-0.298455
East,09RBPK,17,51.523529,-0.294376
East,09RBPK,18,51.524467,-0.291675
East,09RBPK,19,51.525284,-0.289300
East,09RBPK,20,51.526215,-0.286094
East,09RBPK,21,51.527161,-0.282641
East,09RBPK,22,51.538795,-0.227948
East,09RBPK,23,51.539768,-0.224051
East,09RBPK,24,51.540852,-0.220045
East,09RBPK,25,51.541714,-0.217043
East,09RBPK,26,51.542854,-0.213951
East,09RBPK,27,51.544418,-0.210475
East,09RBPK,28,51.546768,-0.206627
East,09RBPK,29,51.549122,-0.203423
East,09RBPK,30,51.551365,-0.200571
East,09RBPK,31,51.553677,-0.198258
East,09RBPK,32,51.555927,-0.196396
East,09RBPK,33,51.557858,-0.194977
East,09RBPK,34,51.560715,-0.193101
East,09RBPK,35,51.563076,-0.191787
East,09RBPK,36,51.566036,-0.190556
East,09RBPK,37,51.600468,-0.175297
West,27LDVR,1,51.464909,-0.470121
West,27LDVR,2,51.464718,-0.508839
West,27LDVR,3,51.464741,-0.510924
West,27LDVR,4,51.464558,-0.513733
West,27LDVR,5,51.464211,-0.517315
West,27LDVR,6,51.463779,-0.520510
West,27LDVR,7,51.463169,-0.523985
West,27LDVR,8,51.462246,-0.527700
West,27LDVR,9,51.461399,-0.530277
West,27LDVR,10,51.460304,-0.533045
West,27LDVR,11,51.458866,-0.535826
West,27LDVR,12,51.457142,-0.538204
West,27LDVR,13,51.455242,-0.540191
West,27LDVR,14,51.453175,-0.541607
West,27LDVR,15,51.451420,-0.542384
West,27LDVR,16,51.448933,-0.543042
West,27LDVR,17,51.446667,-0.543364
West,27LDVR,18,51.443825,-0.543349
West,27LDVR,19,51.440880,-0.542650
West,27LDVR,20,51.438484,-0.541508
West,27LDVR,21,51.436005,-0.539784
West,27LDVR,22,51.433231,-0.537487
West,27LDVR,23,51.430328,-0.534899
West,27LDVR,24,51.427544,-0.532029
West,27LDVR,25,51.424889,-0.529218
West,27LDVR,26,51.422287,-0.526213
West,27LDVR,27,51.328468,-0.385824
East,09RDVR,1,51.464931,-0.446962
East,09RDVR,2,51.464920,-0.425184
East,09RDVR,3,51.464844,-0.420441
East,09RDVR,4,51.464642,-0.417149
East,09RDVR,5,51.464321,-0.413721
East,09RDVR,6,51.463890,-0.410277
East,09RDVR,7,51.463482,-0.407088
East,09RDVR,8,51.462708,-0.403078
East,09RDVR,9,51.461926,-0.400092
East,09RDVR,10,51.461082,-0.397477
East,09RDVR,11,51.446438,-0.357881
East,09RDVR,12,51.444927,-0.353427
East,09RDVR,13,51.443756,-0.349904
East,09RDVR,14,51.442696,-0.346692
East,09RDVR,15,51.441582,-0.342909
East,09RDVR,16,51.440887,-0.340109
East,09RDVR,17,51.440109,-0.336713
East,09RDVR,18,51.439377,-0.333112
East,09RDVR,19,51.438667,-0.329490
East,09RDVR,20,51.438011,-0.325870
East,09RDVR,21,51.437508,-0.322550
East,09RDVR,22,51.436924,-0.318294
East,09RDVR,23,51.404114,-0.088100
East,09RSAM,1,51.464931,-0.446962
East,09RSAM,2,51.464928,-0.425182
East,09RSAM,3,51.464779,-0.422788
East,09RSAM,4,51.464481,-0.419844
East,09RSAM,5,51.464077,-0.416618
East,09RSAM,6,51.463486,-0.413457
East,09RSAM,7,51.462456,-0.410038
East,09RSAM,8,51.461529,-0.407421
East,09RSAM,9,51.441780,-0.360887
East,09RSAM,10,51.436184,-0.349543
East,09RSAM,11,51.435154,-0.347387
East,09RSAM,12,51.433659,-0.344663
East,09RSAM,13,51.432449,-0.342745
East,09RSAM,14,51.431309,-0.341100
East,09RSAM,15,51.430187,-0.339659
East,09RSAM,16,51.428616,-0.337830
East,09RSAM,17,51.426517,-0.335625
East,09RSAM,18,51.424656,-0.333901
East,09RSAM,19,51.422737,-0.332354
East,09RSAM,20,51.420776,-0.330977
East,09RSAM,21,51.419075,-0.329946
East,09RSAM,22,51.416821,-0.328827
East,09RSAM,23,51.414658,-0.327890
East,09RSAM,24,51.412464,-0.327062
East,09RSAM,25,51.410908,-0.326584
East,09RSAM,26,51.409466,-0.326254
East,09RSAM,27,51.407452,-0.325971
East,09RSAM,28,51.405876,-0.325862
East,09RSAM,29,51.404419,-0.325873
East,09RSAM,30,51.402401,-0.326012
East,09RSAM,31,51.400246,-0.326284
East,09RSAM,32,51.398006,-0.326756
East,09RSAM,33,51.395775,-0.327374
East,09RSAM,34,51.393333,-0.328285
East,09RSAM,35,51.391262,-0.329274
East,09RSAM,36,51.389236,-0.330415
East,09RSAM,37,51.387047,-0.331912
East,09RSAM,38,51.385235,-0.333414
East,09RSAM,39,51.383171,-0.335332
East,09RSAM,40,51.381355,-0.337575
East,09RSAM,41,51.379524,-0.340127
East,09RSAM,42,51.329258,-0.412499
East,09RSAM,43,51.327507,-0.415014
East,09RSAM,44,51.325794,-0.417606
East,09RSAM,45,51.324429,-0.419892
East,09RSAM,46,51.323097,-0.422234
East,09RSAM,47,51.321762,-0.424583
East,09RSAM,48,51.320229,-0.427277
East,09RSAM,49,51.318745,-0.430039
East,09RSAM,50,51.317410,-0.432754
East,09RSAM,51,51.316330,-0.435022
East,09RSAM,52,51.315014,-0.437865
East,09RSAM,53,51.313709,-0.440715
East,09RSAM,54,51.312778,-0.442741
East,09RSAM,55,51.311890,-0.444815
East,09RSAM,56,51.310802,-0.447556
East,09RSAM,57,51.309612,-0.450653
East,09RSAM,58,51.308437,-0.453762
East,09RSAM,59,51.306400,-0.458922
West,27LSAM,1,51.464909,-0.470121
West,27LSAM,2,51.464615,-0.585423
West,27LSAM,3,51.464653,-0.588070
West,27LSAM,4,51.464649,-0.591059
West,27LSAM,5,51.464622,-0.594161
West,27LSAM,6,51.464546,-0.597878
West,27LSAM,7,51.464409,-0.601614
West,27LSAM,8,51.464268,-0.604783
West,27LSAM,9,51.464146,-0.607751
West,27LSAM,10,51.463989,-0.610243
West,27LSAM,11,51.463737,-0.612674
West,27LSAM,12,51.463455,-0.615106
West,27LSAM,13,51.462940,-0.619039
West,27LSAM,14,51.457886,-0.651313
West,27LSAM,15,51.457344,-0.654973
West,27LSAM,16,51.456966,-0.658191
West,27LSAM,17,51.456696,-0.661073
West,27LSAM,18,51.456486,-0.663666
West,27LSAM,19,51.456303,-0.665981
West,27LSAM,20,51.456024,-0.669607
West,27LSAM,21,51.455833,-0.672390
West,27LSAM,22,51.455746,-0.674966
West,27LSAM,23,51.455601,-0.679064
West,27LSAM,24,51.455475,-0.682683
West,27LSAM,25,51.455338,-0.687048
West,27LSAM,26,51.455158,-0.691510
West,27LSAM,27,51.453732,-0.807590
West,27LSAM,28,51.453510,-0.810452
West,27LSAM,29,51.453304,-0.812682
West,27LSAM,30,51.452946,-0.815604
West,27LSAM,31,51.452366,-0.819180
West,27LSAM,32,51.451675,-0.822612
West,27LSAM,33,51.450905,-0.826014
West,27LSAM,34,51.450047,-0.828958
West,27LSAM,35,51.448963,-0.832008
West,27LSAM,36,51.447643,-0.835353
West,27LSAM,37,51.445618,-0.838875
West,27LSAM,38,51.443249,-0.841857
West,27RDVR,1,51.477612,-0.470121
West,27RDVR,2,51.477249,-0.517439
West,27RDVR,3,51.477032,-0.520485
West,27RDVR,4,51.476826,-0.522890
West,27RDVR,5,51.476578,-0.525428
West,27RDVR,6,51.476181,-0.528622
West,27RDVR,7,51.475735,-0.531488
West,27RDVR,8,51.475018,-0.534947
West,27RDVR,9,51.473919,-0.538210
West,27RDVR,10,51.472473,-0.541452
West,27RDVR,11,51.471046,-0.544273
West,27RDVR,12,51.469563,-0.547035
West,27RDVR,13,51.467354,-0.550200
West,27RDVR,14,51.464565,-0.552791
West,27RDVR,15,51.461353,-0.554517
West,27RDVR,16,51.457958,-0.555374
West,27RDVR,17,51.455906,-0.555652
West,27RDVR,18,51.453407,-0.555676
West,27RDVR,19,51.451130,-0.555301
West,27RDVR,20,51.448883,-0.554601
West,27RDVR,21,51.446899,-0.553726
West,27RDVR,22,51.444698,-0.552789
West,27RDVR,23,51.442432,-0.551510
West,27RDVR,24,51.440964,-0.550502
West,27RDVR,25,51.439133,-0.549025
West,27RDVR,26,51.437561,-0.547559
West,27RDVR,27,51.435677,-0.545574
West,27RDVR,28,51.433865,-0.543421
West,27RDVR,29,51.431381,-0.540264
West,27RDVR,30,51.328468,-0.385824
West,27RCPT,1,51.477612,-0.470121
West,27RCPT,2,51.477249,-0.517438
West,27RCPT,3,51.477158,-0.521100
West,27RCPT,4,51.477043,-0.524013
West,27RCPT,5,51.476883,-0.526895
West,27RCPT,6,51.476711,-0.529250
West,27RCPT,7,51.476486,-0.531951
West,27RCPT,8,51.476227,-0.534663
West,27RCPT,9,51.476006,-0.536624
West,27RCPT,10,51.475788,-0.538613
West,27RCPT,11,51.468559,-0.584283
West,27RCPT,12,51.458405,-0.647985
West,27RCPT,13,51.457504,-0.654292
West,27RCPT,14,51.456898,-0.659753
West,27RCPT,15,51.456257,-0.666341
West,27RCPT,16,51.455833,-0.672284
West,27RCPT,17,51.455578,-0.679794
West,27RCPT,18,51.455341,-0.685928
West,27RCPT,19,51.453121,-0.845277
West,27RWOB,1,51.477612,-0.470121
West,27RWOB,2,51.477249,-0.517440
West,27RWOB,3,51.477180,-0.521430
West,27RWOB,4,51.477203,-0.525601
West,27RWOB,5,51.477367,-0.529689
West,27RWOB,6,51.477692,-0.533706
West,27RWOB,7,51.478085,-0.537443
West,27RWOB,8,51.478565,-0.541521
West,27RWOB,9,51.478973,-0.544688
West,27RWOB,10,51.479504,-0.548387
West,27RWOB,11,51.479977,-0.551674
West,27RWOB,12,51.480579,-0.555394
West,27RWOB,13,51.481247,-0.558919
West,27RWOB,14,51.481949,-0.562105
West,27RWOB,15,51.482685,-0.564948
West,27RWOB,16,51.483585,-0.568059
West,27RWOB,17,51.484474,-0.571027
West,27RWOB,18,51.485664,-0.574486
West,27RWOB,19,51.486507,-0.577073
West,27RWOB,20,51.487679,-0.580793
West,27RWOB,21,51.488632,-0.583690
West,27RWOB,22,51.508884,-0.645843
West,27RWOB,23,51.510307,-0.648948
West,27RWOB,24,51.511883,-0.651766
West,27RWOB,25,51.513107,-0.653711
West,27RWOB,26,51.514679,-0.655978
West,27RWOB,27,51.516190,-0.658021
West,27RWOB,28,51.517979,-0.660176
West,27RWOB,29,51.519432,-0.661811
West,27RWOB,30,51.520824,-0.663196
West,27RWOB,31,51.522263,-0.664625
West,27RWOB,32,51.523727,-0.666040
West,27RWOB,33,51.525734,-0.667720
West,27RWOB,34,51.527706,-0.668962
West,27RWOB,35,51.529026,-0.669707
West,27RWOB,36,51.530350,-0.670410
West,27RWOB,37,51.532070,-0.671181
West,27RWOB,38,51.533520,-0.671831
West,27RWOB,39,51.535473,-0.672677
West,27RWOB,40,51.537632,-0.673538
West,27RWOB,41,51.539795,-0.674239
West,27RWOB,42,51.541988,-0.674925
West,27RWOB,43,51.544060,-0.675538
West,27RWOB,44,51.546112,-0.676112
West,27RWOB,45,51.548313,-0.676688
West,27RWOB,46,51.550549,-0.677257
West,27RWOB,47,51.552769,-0.677783
West,27RWOB,48,51.554184,-0.678083
West,27RWOB,49,51.555614,-0.678370
West,27RWOB,50,51.557056,-0.678656
West,27RWOB,51,51.558475,-0.678918
West,27RWOB,52,51.560787,-0.679234
West,27RWOB,53,51.563103,-0.679541
West,27RWOB,54,51.583576,-0.682236
West,27RBPK,1,51.477612,-0.470121
West,27RBPK,2,51.477249,-0.517439
West,27RBPK,3,51.477177,-0.521245
West,27RBPK,4,51.477192,-0.524942
West,27RBPK,5,51.477249,-0.527326
West,27RBPK,6,51.477413,-0.530344
West,27RBPK,7,51.478584,-0.541691
West,27RBPK,8,51.481026,-0.557891
West,27RBPK,9,51.481537,-0.560181
West,27RBPK,10,51.482071,-0.562555
West,27RBPK,11,51.482658,-0.564852
West,27RBPK,12,51.483616,-0.568150
West,27RBPK,13,51.484585,-0.571452
West,27RBPK,14,51.485668,-0.574687
West,27RBPK,15,51.486744,-0.577930
West,27RBPK,16,51.487728,-0.580940
West,27RBPK,17,51.499004,-0.615777
West,27RBPK,18,51.500229,-0.619388
West,27RBPK,19,51.501255,-0.621781
West,27RBPK,20,51.502644,-0.624726
West,27RBPK,21,51.504078,-0.627537
West,27RBPK,22,51.505569,-0.630305
West,27RBPK,23,51.507065,-0.632913
West,27RBPK,24,51.508656,-0.635261
West,27RBPK,25,51.510532,-0.637414
West,27RBPK,26,51.512531,-0.639318
West,27RBPK,27,51.513840,-0.640461
West,27RBPK,28,51.515137,-0.641497
West,27RBPK,29,51.516647,-0.642616
West,27RBPK,30,51.518555,-0.643874
West,27RBPK,31,51.520653,-0.645123
West,27RBPK,32,51.522850,-0.646206
West,27RBPK,33,51.525402,-0.647184
West,27RBPK,34,51.527248,-0.647710
West,27RBPK,35,51.528732,-0.648068
West,27RBPK,36,51.530922,-0.648449
West,27RBPK,37,51.533115,-0.648736
West,27RBPK,38,51.535275,-0.648897
West,27RBPK,39,51.536961,-0.648947
West,27RBPK,40,51.538670,-0.648927
West,27RBPK,41,51.540272,-0.648827
West,27RBPK,42,51.541855,-0.648660
West,27RBPK,43,51.543476,-0.648398
West,27RBPK,44,51.545731,-0.647929
West,27RBPK,45,51.547974,-0.647323
West,27RBPK,46,51.549400,-0.646840
West,27RBPK,47,51.550793,-0.646291
West,27RBPK,48,51.552971,-0.645250
West,27RBPK,49,51.555096,-0.643982
West,27RBPK,50,51.557106,-0.642541
West,27RBPK,51,51.558872,-0.641197
West,27RBPK,52,51.561134,-0.639367
West,27RBPK,53,51.563103,-0.637620
West,27RBPK,54,51.565018,-0.635732
West,27RBPK,55,51.567043,-0.633651
West,27RBPK,56,51.568764,-0.631694
West,27RBPK,57,51.570393,-0.629582
West,27RBPK,58,51.571960,-0.627379
West,27RBPK,59,51.573406,-0.625173
West,27RBPK,60,51.574924,-0.622682
West,27RBPK,61,51.575745,-0.621161
West,27LCPT,1,51.464909,-0.470121
West,27LCPT,2,51.464512,-0.585375
West,27LCPT,3,51.464500,-0.598535
West,27LCPT,4,51.464394,-0.601471
West,27LCPT,5,51.464291,-0.604040
West,27LCPT,6,51.464191,-0.606645
West,27LCPT,7,51.464085,-0.608705
West,27LCPT,8,51.463921,-0.610949
West,27LCPT,9,51.463604,-0.613895
West,27LCPT,10,51.463276,-0.616528
West,27LCPT,11,51.462864,-0.619564
West,27LCPT,12,51.458424,-0.647943
West,27LCPT,13,51.457745,-0.652093
West,27LCPT,14,51.457115,-0.656646
West,27LCPT,15,51.456749,-0.660327
West,27LCPT,16,51.456566,-0.662552
West,27LCPT,17,51.456387,-0.664797
West,27LCPT,18,51.456188,-0.667342
West,27LCPT,19,51.455959,-0.670241
West,27LCPT,20,51.455784,-0.674080
West,27LCPT,21,51.455620,-0.678532
West,27LCPT,22,51.455463,-0.683040
West,27LCPT,23,51.455326,-0.687028
West,27LCPT,24,51.455158,-0.691509
West,27LCPT,25,51.453247,-0.848167
East,09LBPK,1,51.477627,-0.452000
East,09LBPK,2,51.477482,-0.429574
East,09LBPK,3,51.477581,-0.426402
East,09LBPK,4,51.477798,-0.423457
East,09LBPK,5,51.478184,-0.420376
East,09LBPK,6,51.478603,-0.418002
East,09LBPK,7,51.479240,-0.415300
East,09LBPK,8,51.479874,-0.412975
East,09LBPK,9,51.480568,-0.410815
East,09LBPK,10,51.481758,-0.407725
East,09LBPK,11,51.483944,-0.402809
East,09LBPK,12,51.507370,-0.357679
East,09LBPK,13,51.508347,-0.355760
East,09LBPK,14,51.509636,-0.353099
East,09LBPK,15,51.510929,-0.350251
East,09LBPK,16,51.511890,-0.347760
East,09LBPK,17,51.512962,-0.344824
East,09LBPK,18,51.513664,-0.342333
East,09LBPK,19,51.514347,-0.339610
East,09LBPK,20,51.514893,-0.337462
East,09LBPK,21,51.515450,-0.335284
East,09LBPK,22,51.516293,-0.331960
East,09LBPK,23,51.517460,-0.326976
East,09LBPK,24,51.538792,-0.227936
East,09LBPK,25,51.539734,-0.224138
East,09LBPK,26,51.540661,-0.220711
East,09LBPK,27,51.541626,-0.217278
East,09LBPK,28,51.542858,-0.213939
East,09LBPK,29,51.544739,-0.209890
East,09LBPK,30,51.546761,-0.206609
East,09LBPK,31,51.548740,-0.203866
East,09LBPK,32,51.551369,-0.200556
East,09LBPK,33,51.553715,-0.198233
East,09LBPK,34,51.555897,-0.196393
East,09LBPK,35,51.557861,-0.194966
East,09LBPK,36,51.559940,-0.193578
East,09LBPK,37,51.562031,-0.192320
East,09LBPK,38,51.563538,-0.191563
East,09LBPK,39,51.603363,-0.174009
East,09RCPT,1,51.464931,-0.446962
East,09RCPT,2,51.464920,-0.425182
East,09RCPT,3,51.464748,-0.422439
East,09RCPT,4,51.464451,-0.419901
East,09RCPT,5,51.464027,-0.417389
East,09RCPT,6,51.463314,-0.414255
East,09RCPT,7,51.462379,-0.411014
East,09RCPT,8,51.461128,-0.407669
East,09RCPT,9,51.459881,-0.404983
East,09RCPT,10,51.458431,-0.402429
East,09RCPT,11,51.456718,-0.399942
East,09RCPT,12,51.455185,-0.397829
East,09RCPT,13,51.453842,-0.395960
East,09RCPT,14,51.451893,-0.393809
East,09RCPT,15,51.449909,-0.392068
East,09RCPT,16,51.447903,-0.390602
East,09RCPT,17,51.445801,-0.389278
East,09RCPT,18,51.443581,-0.388017
East,09RCPT,19,51.441277,-0.386998
East,09RCPT,20,51.439125,-0.386336
East,09RCPT,21,51.436588,-0.385851
East,09RCPT,22,51.433731,-0.385773
East,09RCPT,23,51.431126,-0.386141
East,09RCPT,24,51.428379,-0.386872
East,09RCPT,25,51.425549,-0.387921
East,09RCPT,26,51.422180,-0.389785
East,09RCPT,27,51.419647,-0.391679
East,09RCPT,28,51.417671,-0.393525
East,09RCPT,29,51.415798,-0.395638
East,09RCPT,30,51.414333,-0.397640
East,09RCPT,31,51.412788,-0.400044
East,09RCPT,32,51.411690,-0.401943
East,09RCPT,33,51.410278,-0.404801
East,09RCPT,34,51.409107,-0.407484
East,09RCPT,35,51.407871,-0.410554
East,09RCPT,36,51.406815,-0.413582
East,09RCPT,37,51.405762,-0.417207
East,09RCPT,38,51.404888,-0.421328
East,09RCPT,39,51.404236,-0.424970
East,09RCPT,40,51.403751,-0.428161
East,09RCPT,41,51.403339,-0.431172
East,09RCPT,42,51.402977,-0.434578
East,09RCPT,43,51.402683,-0.437613
East,09RCPT,44,51.402370,-0.441560
East,09RCPT,45,51.402184,-0.444818
East,09RCPT,46,51.402054,-0.448425
East,09RCPT,47,51.402096,-0.452608
East,09RCPT,48,51.402328,-0.457153
East,09RCPT,49,51.402683,-0.461107
East,09RCPT,50,51.420830,-0.610911
East,09RBUZ,1,51.464931,-0.446962
East,09RBUZ,2,51.464920,-0.425182
East,09RBUZ,3,51.465057,-0.422313
East,09RBUZ,4,51.465328,-0.419236
East,09RBUZ,5,51.465752,-0.415792
East,09RBUZ,6,51.466358,-0.412207
East,09RBUZ,7,51.467117,-0.408613
East,09RBUZ,8,51.467987,-0.405318
East,09RBUZ,9,51.469040,-0.402285
East,09RBUZ,10,51.470058,-0.399545
East,09RBUZ,11,51.473164,-0.393511
East,09RBUZ,12,51.496674,-0.348063
East,09RBUZ,13,51.519321,-0.304175
East,09RBUZ,14,51.520760,-0.301268
East,09RBUZ,15,51.522007,-0.298561
East,09RBUZ,16,51.523132,-0.295471
East,09RBUZ,17,51.524212,-0.292381
East,09RBUZ,18,51.525291,-0.289307
East,09RBUZ,19,51.526215,-0.286110
East,09RBUZ,20,51.527161,-0.282643
East,09RBUZ,21,51.527985,-0.279135
East,09RBUZ,22,51.528748,-0.275578
East,09RBUZ,23,51.529510,-0.272033
East,09RBUZ,24,51.538834,-0.227727
East,09RBUZ,25,51.539742,-0.224125
East,09RBUZ,26,51.540676,-0.220796
East,09RBUZ,27,51.541737,-0.217470
East,09RBUZ,28,51.543293,-0.214457
East,09RBUZ,29,51.545250,-0.211280
East,09RBUZ,30,51.547199,-0.208477
East,09RBUZ,31,51.549072,-0.206173
East,09RBUZ,32,51.551407,-0.203793
East,09RBUZ,33,51.553844,-0.201809
East,09RBUZ,34,51.555813,-0.200601
East,09RBUZ,35,51.557999,-0.199618
East,09RBUZ,36,51.560558,-0.198897
East,09RBUZ,37,51.562473,-0.198533
East,09RBUZ,38,51.565186,-0.198329
East,09RBUZ,39,51.568104,-0.198597
East,09RBUZ,40,51.571072,-0.199354
East,09RBUZ,41,51.574665,-0.200851
East,09RBUZ,42,51.577560,-0.202526
East,09RBUZ,43,51.581356,-0.205318
East,09RBUZ,44,51.593945,-0.217876
East,09RMID,1,51.464931,-0.446962
East,09RMID,2,51.464920,-0.425184
East,09RMID,3,51.464653,-0.421539
East,09RMID,4,51.464417,-0.419294
East,09RMID,5,51.463943,-0.416154
East,09RMID,6,51.463215,-0.412963
East,09RMID,7,51.462341,-0.409638
East,09RMID,8,51.461189,-0.406605
East,09RMID,9,51.453995,-0.389848
East,09RMID,10,51.453041,-0.387730
East,09RMID,11,51.452003,-0.385600
East,09RMID,12,51.450912,-0.383524
East,09RMID,13,51.449463,-0.380982
East,09RMID,14,51.447884,-0.378410
East,09RMID,15,51.446213,-0.375951
East,09RMID,16,51.444855,-0.374063
East,09RMID,17,51.442802,-0.371414
East,09RMID,18,51.440922,-0.369147
East,09RMID,19,51.439327,-0.367406
East,09RMID,20,51.437408,-0.365507
East,09RMID,21,51.435520,-0.363852
East,09RMID,22,51.433479,-0.362288
East,09RMID,23,51.431183,-0.360725
East,09RMID,24,51.429165,-0.359517
East,09RMID,25,51.427109,-0.358531
East,09RMID,26,51.425240,-0.357785
East,09RMID,27,51.423355,-0.357116
East,09RMID,28,51.421246,-0.356479
East,09RMID,29,51.419109,-0.355968
East,09RMID,30,51.417091,-0.355651
East,09RMID,31,51.414722,-0.355462
East,09RMID,32,51.412476,-0.355441
East,09RMID,33,51.410229,-0.355571
East,09RMID,34,51.407871,-0.355945
East,09RMID,35,51.405640,-0.356469
East,09RMID,36,51.403530,-0.357080
East,09RMID,37,51.401768,-0.357713
East,09RMID,38,51.399586,-0.358622
East,09RMID,39,51.397423,-0.359641
East,09RMID,40,51.395283,-0.360752
East,09RMID,41,51.392944,-0.362091
East,09RMID,42,51.390846,-0.363432
East,09RMID,43,51.388996,-0.364907
East,09RMID,44,51.387646,-0.365975
East,09RMID,45,51.278652,-0.451147
West,27RSAM,1,51.477612,-0.470121
West,27RSAM,2,51.477249,-0.517439
West,27RSAM,3,51.477158,-0.521099
West,27RSAM,4,51.477043,-0.524016
West,27RSAM,5,51.476883,-0.526896
West,27RSAM,6,51.476711,-0.529250
West,27RSAM,7,51.476486,-0.531951
West,27RSAM,8,51.476231,-0.534665
West,27RSAM,9,51.476006,-0.536624
West,27RSAM,10,51.468552,-0.584254
West,27RSAM,11,51.458405,-0.647987
West,27RSAM,12,51.457726,-0.652284
West,27RSAM,13,51.457211,-0.656057
West,27RSAM,14,51.456810,-0.659610
West,27RSAM,15,51.456474,-0.663816
West,27RSAM,16,51.456184,-0.667342
West,27RSAM,17,51.456013,-0.669708
West,27RSAM,18,51.455837,-0.672231
West,27RSAM,19,51.455719,-0.675917
West,27RSAM,20,51.455574,-0.679721
West,27RSAM,21,51.455444,-0.683392
West,27RSAM,22,51.455311,-0.687360
West,27RSAM,23,51.455154,-0.691505
West,27RSAM,24,51.453796,-0.804702
West,27RSAM,25,51.453671,-0.807929
West,27RSAM,26,51.453442,-0.811218
West,27RSAM,27,51.453068,-0.814575
West,27RSAM,28,51.452446,-0.818652
West,27RSAM,29,51.451866,-0.821665
West,27RSAM,30,51.451145,-0.824943
West,27RSAM,31,51.450413,-0.827783
West,27RSAM,32,51.449642,-0.829993
West,27RSAM,33,51.449036,-0.831828
West,27RSAM,34,51.448090,-0.834189
West,27RSAM,35,51.446712,-0.837016
West,27RSAM,36,51.445404,-0.839098
West,27RMID,1,51.477612,-0.470121
West,27RMID,2,51.477249,-0.517439
West,27RMID,3,51.477177,-0.520637
West,27RMID,4,51.477051,-0.523473
West,27RMID,5,51.476933,-0.526182
West,27RMID,6,51.476780,-0.528355
West,27RMID,7,51.476582,-0.530812
West,27RMID,8,51.476425,-0.532668
West,27RMID,9,51.476135,-0.535454
West,27RMID,10,51.475796,-0.538407
West,27RMID,11,51.468563,-0.584268
West,27RMID,12,51.467876,-0.588917
West,27RMID,13,51.467171,-0.593182
West,27RMID,14,51.466480,-0.596747
West,27RMID,15,51.465572,-0.599763
West,27RMID,16,51.464668,-0.602404
West,27RMID,17,51.463615,-0.604934
West,27RMID,18,51.462376,-0.607793
West,27RMID,19,51.461273,-0.610188
West,27RMID,20,51.459751,-0.613072
West,27RMID,21,51.458290,-0.615246
West,27RMID,22,51.456760,-0.617478
West,27RMID,23,51.455116,-0.619636
West,27RMID,24,51.453362,-0.621415
West,27RMID,25,51.451542,-0.623027
West,27RMID,26,51.449638,-0.624415
West,27RMID,27,51.447681,-0.625554
West,27RMID,28,51.445667,-0.626459
West,27RMID,29,51.443607,-0.627084
West,27RMID,30,51.441532,-0.627474
West,27RMID,31,51.439468,-0.627607
West,27RMID,32,51.437370,-0.627448
West,27RMID,33,51.435299,-0.627052
West,27RMID,34,51.433239,-0.626385
West,27RMID,35,51.327808,-0.571668
West,27LWOB,1,51.464909,-0.470121
West,27LWOB,2,51.464756,-0.505391
West,27LWOB,3,51.464863,-0.507721
West,27LWOB,4,51.465099,-0.509771
West,27LWOB,5,51.465408,-0.511344
West,27LWOB,6,51.465752,-0.512902
West,27LWOB,7,51.466110,-0.514446
West,27LWOB,8,51.466560,-0.516331
West,27LWOB,9,51.486439,-0.577083
West,27LWOB,10,51.508892,-0.645875
West,27LWOB,11,51.510506,-0.649366
West,27LWOB,12,51.512020,-0.651989
West,27LWOB,13,51.513706,-0.654624
West,27LWOB,14,51.515469,-0.657089
West,27LWOB,15,51.517303,-0.659406
West,27LWOB,16,51.518921,-0.661234
West,27LWOB,17,51.520206,-0.662561
West,27LWOB,18,51.521732,-0.664080
West,27LWOB,19,51.523354,-0.665693
West,27LWOB,20,51.525505,-0.667528
West,27LWOB,21,51.527607,-0.668917
West,27LWOB,22,51.529766,-0.670071
West,27LWOB,23,51.531944,-0.671107
West,27LWOB,24,51.534142,-0.672092
West,27LWOB,25,51.536182,-0.672944
West,27LWOB,26,51.538177,-0.673687
West,27LWOB,27,51.540413,-0.674387
West,27LWOB,28,51.542645,-0.675050
West,27LWOB,29,51.544876,-0.675721
West,27LWOB,30,51.547112,-0.676384
West,27LWOB,31,51.550083,-0.677192
West,27LWOB,32,51.553757,-0.677994
West,27LWOB,33,51.557846,-0.678798
West,27LWOB,34,51.583576,-0.682236
West,27LBPK,1,51.464909,-0.470121
West,27LBPK,2,51.464756,-0.505390
West,27LBPK,3,51.464882,-0.507907
West,27LBPK,4,51.465195,-0.510301
West,27LBPK,5,51.465755,-0.512905
West,27LBPK,6,51.466557,-0.516330
West,27LBPK,7,51.486439,-0.577089
West,27LBPK,8,51.500092,-0.619101
West,27LBPK,9,51.501270,-0.621769
West,27LBPK,10,51.502800,-0.624983
West,27LBPK,11,51.504147,-0.627661
West,27LBPK,12,51.505550,-0.630284
West,27LBPK,13,51.507008,-0.632834
West,27LBPK,14,51.508713,-0.635306
West,27LBPK,15,51.510571,-0.637450
West,27LBPK,16,51.512226,-0.639040
West,27LBPK,17,51.513916,-0.640526
West,27LBPK,18,51.515434,-0.641728
West,27LBPK,19,51.517090,-0.642929
West,27LBPK,20,51.518661,-0.643943
West,27LBPK,21,51.520679,-0.645136
West,27LBPK,22,51.522846,-0.646202
West,27LBPK,23,51.524822,-0.646979
West,27LBPK,24,51.527271,-0.647710
West,27LBPK,25,51.528744,-0.648057
West,27LBPK,26,51.530972,-0.648463
West,27LBPK,27,51.533104,-0.648717
West,27LBPK,28,51.535252,-0.648889
West,27LBPK,29,51.536945,-0.648942
West,27LBPK,30,51.538185,-0.648927
West,27LBPK,31,51.540321,-0.648806
West,27LBPK,32,51.541897,-0.648644
West,27LBPK,33,51.543472,-0.648394
West,27LBPK,34,51.545712,-0.647931
West,27LBPK,35,51.547943,-0.647327
West,27LBPK,36,51.549393,-0.646835
West,27LBPK,37,51.550724,-0.646315
West,27LBPK,38,51.553024,-0.645214
West,27LBPK,39,51.555050,-0.644007
West,27LBPK,40,51.557121,-0.642523
West,27LBPK,41,51.558857,-0.641203
West,27LBPK,42,51.561077,-0.639408
West,27LBPK,43,51.563103,-0.637620
West,27LBPK,44,51.564995,-0.635769
West,27LBPK,45,51.567078,-0.633585
West,27LBPK,46,51.568748,-0.631685
West,27LBPK,47,51.570419,-0.629531
West,27LBPK,48,51.572544,-0.626508
West,27LBPK,49,51.574070,-0.624081
West,27LBPK,50,51.575909,-0.620918
East,09LSAM,1,51.477627,-0.452000
East,09LSAM,2,51.477482,-0.429575
East,09LSAM,3,51.477291,-0.427205
East,09LSAM,4,51.476959,-0.424609
East,09LSAM,5,51.476505,-0.422200
East,09LSAM,6,51.475803,-0.419984
East,09LSAM,7,51.475052,-0.418395
East,09LSAM,8,51.474308,-0.417299
East,09LSAM,9,51.473690,-0.416502
East,09LSAM,10,51.467316,-0.405386
East,09LSAM,11,51.460892,-0.394294
East,09LSAM,12,51.451347,-0.377580
East,09LSAM,13,51.439720,-0.356725
East,09LSAM,14,51.434044,-0.345316
East,09LSAM,15,51.431866,-0.341848
East,09LSAM,16,51.429962,-0.339364
East,09LSAM,17,51.427872,-0.336990
East,09LSAM,18,51.425541,-0.334699
East,09LSAM,19,51.423637,-0.333046
East,09LSAM,20,51.421608,-0.331533
East,09LSAM,21,51.419785,-0.330352
East,09LSAM,22,51.417957,-0.329352
East,09LSAM,23,51.416103,-0.328502
East,09LSAM,24,51.413830,-0.327545
East,09LSAM,25,51.411827,-0.326846
East,09LSAM,26,51.409740,-0.326270
East,09LSAM,27,51.407234,-0.325935
East,09LSAM,28,51.404846,-0.325842
East,09LSAM,29,51.402325,-0.326015
East,09LSAM,30,51.399578,-0.326410
East,09LSAM,31,51.397114,-0.326982
East,09LSAM,32,51.394875,-0.327686
East,09LSAM,33,51.392548,-0.328637
East,09LSAM,34,51.390099,-0.329855
East,09LSAM,35,51.388435,-0.330920
East,09LSAM,36,51.387131,-0.331853
East,09LSAM,37,51.385723,-0.332970
East,09LSAM,38,51.384327,-0.334185
East,09LSAM,39,51.382900,-0.335610
East,09LSAM,40,51.381004,-0.338068
East,09LSAM,41,51.378826,-0.341089
East,09LSAM,42,51.328274,-0.413696
East,09LSAM,43,51.325905,-0.417348
East,09LSAM,44,51.323746,-0.420917
East,09LSAM,45,51.321526,-0.424805
East,09LSAM,46,51.319450,-0.428641
East,09LSAM,47,51.317532,-0.432372
East,09LSAM,48,51.315624,-0.436290
East,09LSAM,49,51.313847,-0.440171
East,09LSAM,50,51.312363,-0.443566
East,09LSAM,51,51.310394,-0.448400
East,09LMID,1,51.477627,-0.452000
East,09LMID,2,51.477482,-0.429574
East,09LMID,3,51.477291,-0.427135
East,09LMID,4,51.476978,-0.424653
East,09LMID,5,51.476528,-0.422366
East,09LMID,6,51.475868,-0.420149
East,09LMID,7,51.474911,-0.418154
East,09LMID,8,51.467472,-0.408093
East,09LMID,9,51.460732,-0.398964
East,09LMID,10,51.453991,-0.389835
East,09LMID,11,51.450890,-0.383467
East,09LMID,12,51.446644,-0.376533
East,09LMID,13,51.443043,-0.371689
East,09LMID,14,51.439945,-0.368029
East,09LMID,15,51.436256,-0.364446
East,09LMID,16,51.432697,-0.361678
East,09LMID,17,51.429462,-0.359674
East,09LMID,18,51.425854,-0.358005
East,09LMID,19,51.422226,-0.356718
East,09LMID,20,51.418674,-0.355852
East,09LMID,21,51.414886,-0.355443
East,09LMID,22,51.411049,-0.355475
East,09LMID,23,51.407227,-0.356062
East,09LMID,24,51.402939,-0.357270
East,09LMID,25,51.397102,-0.359786
East,09LMID,26,51.390835,-0.363443
East,09LMID,27,51.343269,-0.400645
East,09LMID,28,51.285130,-0.445982
